{"cameraMode":{"drawMode":0,"name":"Shaded","section":"Shading Mode"},"sceneLighting":true,"audioPlay":false,"sceneViewState":{"m_AlwaysRefresh":false,"showFog":true,"showSkybox":true,"showFlares":true,"showImageEffects":true,"showParticleSystems":true,"showVisualEffectGraphs":true,"m_FxEnabled":false},"in2DMode":false,"pivot":{"x":493.3585510253906,"y":326.2648620605469,"z":0.0970458984375},"rotation":{"x":0.0011912998743355275,"y":0.005413788836449385,"z":0.000007491692031180719,"w":-0.9999865889549255},"size":266.4088134765625,"orthographic":false}