{"cameraMode":{"drawMode":0,"name":"Shaded","section":"Shading Mode"},"sceneLighting":true,"audioPlay":false,"sceneViewState":{"m_AlwaysRefresh":false,"showFog":true,"showSkybox":true,"showFlares":true,"showImageEffects":true,"showParticleSystems":true,"showVisualEffectGraphs":true,"m_FxEnabled":false},"in2DMode":false,"pivot":{"x":-10.91112995147705,"y":1.9245424270629883,"z":0.4697299003601074},"rotation":{"x":-0.2929457128047943,"y":-0.004861561115831137,"z":0.0014908767770975829,"w":-0.9561211466789246},"size":6.8877716064453129,"orthographic":false}