{"cameraMode":{"drawMode":0,"name":"Shaded","section":"Shading Mode"},"sceneLighting":false,"audioPlay":false,"sceneViewState":{"m_AlwaysRefresh":false,"showFog":true,"showSkybox":false,"showFlares":true,"showImageEffects":true,"showParticleSystems":true,"showVisualEffectGraphs":true,"m_FxEnabled":false},"in2DMode":false,"pivot":{"x":5.960464477539063e-8,"y":0.5934890508651733,"z":-0.045791685581207278},"rotation":{"x":-0.2929457128047943,"y":-0.004861561115831137,"z":0.0014908767770975829,"w":-0.9561211466789246},"size":0.8660253882408142,"orthographic":false}